<?xml version="1.0" encoding="UTF-8"?>
<project-private xmlns="http://www.netbeans.org/ns/project-private/1">
    <editor-bookmarks xmlns="http://www.netbeans.org/ns/editor-bookmarks/2" lastBookmarkId="0"/>
    <open-files xmlns="http://www.netbeans.org/ns/projectui-open-files/2">
        <group>
            <file>file:/C:/xampp/htdocs/completevent/food_db.php</file>
            <file>file:/C:/xampp/htdocs/completevent/events.php</file>
            <file>file:/C:/xampp/htdocs/completevent/marriage.php</file>
            <file>file:/C:/xampp/htdocs/completevent/date.php</file>
            <file>file:/C:/xampp/htdocs/completevent/suggession.php</file>
            <file>file:/C:/xampp/htdocs/completevent/paymentprocess.php</file>
            <file>file:/C:/xampp/htdocs/completevent/datetime.php</file>
            <file>file:/C:/xampp/htdocs/completevent/payment.php</file>
            <file>file:/C:/xampp/htdocs/completevent/ambiance_db.php</file>
            <file>file:/C:/xampp/htdocs/completevent/food.php</file>
            <file>file:/C:/xampp/htdocs/completevent/index.php</file>
            <file>file:/C:/xampp/htdocs/completevent/ambiance.php</file>
        </group>
    </open-files>
</project-private>
